<ImportExportXml xmlns:xsi="http://www.w3.org/2001/XMLSchema-instance">
  <Entities></Entities>
  <Roles></Roles>
  <Workflows>
    <Workflow WorkflowId="{7a5609ec-0d39-ed11-bba2-000d3a5bc29c}" Name="Draft1 - When new email arrives for creating work item">
      <JsonFileName>/Workflows/Draft1-Whennewemailarrivesforcreatingworkitem-7A5609EC-0D39-ED11-BBA2-000D3A5BC29C.json</JsonFileName>
      <Type>1</Type>
      <Subprocess>0</Subprocess>
      <Category>5</Category>
      <Mode>0</Mode>
      <Scope>4</Scope>
      <OnDemand>0</OnDemand>
      <TriggerOnCreate>0</TriggerOnCreate>
      <TriggerOnDelete>0</TriggerOnDelete>
      <AsyncAutodelete>0</AsyncAutodelete>
      <SyncWorkflowLogOnFailure>0</SyncWorkflowLogOnFailure>
      <StateCode>1</StateCode>
      <StatusCode>2</StatusCode>
      <RunAs>1</RunAs>
      <IsTransacted>1</IsTransacted>
      <IntroducedVersion>1.0.0.0</IntroducedVersion>
      <IsCustomizable>1</IsCustomizable>
      <BusinessProcessType>0</BusinessProcessType>
      <IsCustomProcessingStepAllowedForOtherPublishers>1</IsCustomProcessingStepAllowedForOtherPublishers>
      <PrimaryEntity>none</PrimaryEntity>
      <LocalizedNames>
        <LocalizedName languagecode="1033" description="Draft1 - When new email arrives for creating work item" />
      </LocalizedNames>
    </Workflow>
    <Workflow WorkflowId="{27afaadf-3239-ed11-bba2-000d3a5bc29c}" Name="Draft2 - When new email arrives for creating work item">
      <JsonFileName>/Workflows/Draft2-Whennewemailarrivesforcreatingworkitem-27AFAADF-3239-ED11-BBA2-000D3A5BC29C.json</JsonFileName>
      <Type>1</Type>
      <Subprocess>0</Subprocess>
      <Category>5</Category>
      <Mode>0</Mode>
      <Scope>4</Scope>
      <OnDemand>0</OnDemand>
      <TriggerOnCreate>0</TriggerOnCreate>
      <TriggerOnDelete>0</TriggerOnDelete>
      <AsyncAutodelete>0</AsyncAutodelete>
      <SyncWorkflowLogOnFailure>0</SyncWorkflowLogOnFailure>
      <StateCode>0</StateCode>
      <StatusCode>1</StatusCode>
      <RunAs>1</RunAs>
      <IsTransacted>1</IsTransacted>
      <IntroducedVersion>1.0.0.0</IntroducedVersion>
      <IsCustomizable>1</IsCustomizable>
      <BusinessProcessType>0</BusinessProcessType>
      <IsCustomProcessingStepAllowedForOtherPublishers>1</IsCustomProcessingStepAllowedForOtherPublishers>
      <PrimaryEntity>none</PrimaryEntity>
      <LocalizedNames>
        <LocalizedName languagecode="1033" description="Draft2 - When new email arrives for creating work item" />
      </LocalizedNames>
    </Workflow>
    <Workflow WorkflowId="{e52087df-5739-ed11-bba2-000d3a5bc29c}" Name="Copy of - When a new email arrives with ADO work item id">
      <JsonFileName>/Workflows/Copyof-WhenanewemailarriveswithADOworkitemid-E52087DF-5739-ED11-BBA2-000D3A5BC29C.json</JsonFileName>
      <Type>1</Type>
      <Subprocess>0</Subprocess>
      <Category>5</Category>
      <Mode>0</Mode>
      <Scope>4</Scope>
      <OnDemand>0</OnDemand>
      <TriggerOnCreate>0</TriggerOnCreate>
      <TriggerOnDelete>0</TriggerOnDelete>
      <AsyncAutodelete>0</AsyncAutodelete>
      <SyncWorkflowLogOnFailure>0</SyncWorkflowLogOnFailure>
      <StateCode>1</StateCode>
      <StatusCode>2</StatusCode>
      <RunAs>1</RunAs>
      <IsTransacted>1</IsTransacted>
      <IntroducedVersion>1.0.0.0</IntroducedVersion>
      <IsCustomizable>1</IsCustomizable>
      <BusinessProcessType>0</BusinessProcessType>
      <IsCustomProcessingStepAllowedForOtherPublishers>1</IsCustomProcessingStepAllowedForOtherPublishers>
      <PrimaryEntity>none</PrimaryEntity>
      <LocalizedNames>
        <LocalizedName languagecode="1033" description="Copy of - When a new email arrives with ADO work item id" />
      </LocalizedNames>
    </Workflow>
    <Workflow WorkflowId="{78ccc0b0-cc39-ed11-bba2-000d3a5bc29c}" Name="Draft3 - When new email arrives for creating work item">
      <JsonFileName>/Workflows/Draft3-Whennewemailarrivesforcreatingworkitem-78CCC0B0-CC39-ED11-BBA2-000D3A5BC29C.json</JsonFileName>
      <Type>1</Type>
      <Subprocess>0</Subprocess>
      <Category>5</Category>
      <Mode>0</Mode>
      <Scope>4</Scope>
      <OnDemand>0</OnDemand>
      <TriggerOnCreate>0</TriggerOnCreate>
      <TriggerOnDelete>0</TriggerOnDelete>
      <AsyncAutodelete>0</AsyncAutodelete>
      <SyncWorkflowLogOnFailure>0</SyncWorkflowLogOnFailure>
      <StateCode>0</StateCode>
      <StatusCode>1</StatusCode>
      <RunAs>1</RunAs>
      <IsTransacted>1</IsTransacted>
      <IntroducedVersion>1.0.0.0</IntroducedVersion>
      <IsCustomizable>1</IsCustomizable>
      <BusinessProcessType>0</BusinessProcessType>
      <IsCustomProcessingStepAllowedForOtherPublishers>1</IsCustomProcessingStepAllowedForOtherPublishers>
      <PrimaryEntity>none</PrimaryEntity>
      <LocalizedNames>
        <LocalizedName languagecode="1033" description="Draft3 - When new email arrives for creating work item" />
      </LocalizedNames>
    </Workflow>
    <Workflow WorkflowId="{48348871-5b3b-ed11-bba2-000d3a5bc29c}" Name="Draft 4 - When a new email arrives for creating a work item">
      <JsonFileName>/Workflows/Draft4-Whenanewemailarrivesforcreatingaworkitem-48348871-5B3B-ED11-BBA2-000D3A5BC29C.json</JsonFileName>
      <Type>1</Type>
      <Subprocess>0</Subprocess>
      <Category>5</Category>
      <Mode>0</Mode>
      <Scope>4</Scope>
      <OnDemand>0</OnDemand>
      <TriggerOnCreate>0</TriggerOnCreate>
      <TriggerOnDelete>0</TriggerOnDelete>
      <AsyncAutodelete>0</AsyncAutodelete>
      <SyncWorkflowLogOnFailure>0</SyncWorkflowLogOnFailure>
      <StateCode>1</StateCode>
      <StatusCode>2</StatusCode>
      <RunAs>1</RunAs>
      <IsTransacted>1</IsTransacted>
      <IntroducedVersion>1.0.0.0</IntroducedVersion>
      <IsCustomizable>1</IsCustomizable>
      <BusinessProcessType>0</BusinessProcessType>
      <IsCustomProcessingStepAllowedForOtherPublishers>1</IsCustomProcessingStepAllowedForOtherPublishers>
      <PrimaryEntity>none</PrimaryEntity>
      <LocalizedNames>
        <LocalizedName languagecode="1033" description="Draft 4 - When a new email arrives for creating a work item" />
      </LocalizedNames>
    </Workflow>
    <Workflow WorkflowId="{69a3d098-6538-ed11-bba2-000d3a5bc626}" Name="When new email arrives for creating work item">
      <JsonFileName>/Workflows/Whennewemailarrivesforcreatingworkitem-69A3D098-6538-ED11-BBA2-000D3A5BC626.json</JsonFileName>
      <Type>1</Type>
      <Subprocess>0</Subprocess>
      <Category>5</Category>
      <Mode>0</Mode>
      <Scope>4</Scope>
      <OnDemand>0</OnDemand>
      <TriggerOnCreate>0</TriggerOnCreate>
      <TriggerOnDelete>0</TriggerOnDelete>
      <AsyncAutodelete>0</AsyncAutodelete>
      <SyncWorkflowLogOnFailure>0</SyncWorkflowLogOnFailure>
      <StateCode>0</StateCode>
      <StatusCode>1</StatusCode>
      <RunAs>1</RunAs>
      <IsTransacted>1</IsTransacted>
      <IntroducedVersion>1.0.0.0</IntroducedVersion>
      <IsCustomizable>1</IsCustomizable>
      <BusinessProcessType>0</BusinessProcessType>
      <IsCustomProcessingStepAllowedForOtherPublishers>1</IsCustomProcessingStepAllowedForOtherPublishers>
      <PrimaryEntity>none</PrimaryEntity>
      <LocalizedNames>
        <LocalizedName languagecode="1033" description="When new email arrives for creating work item" />
      </LocalizedNames>
    </Workflow>
    <Workflow WorkflowId="{b079ce92-3739-ed11-bba2-000d3a5bc626}" Name="When a new email arrives with ADO work item id">
      <JsonFileName>/Workflows/WhenanewemailarriveswithADOworkitemid-B079CE92-3739-ED11-BBA2-000D3A5BC626.json</JsonFileName>
      <Type>1</Type>
      <Subprocess>0</Subprocess>
      <Category>5</Category>
      <Mode>0</Mode>
      <Scope>4</Scope>
      <OnDemand>0</OnDemand>
      <TriggerOnCreate>0</TriggerOnCreate>
      <TriggerOnDelete>0</TriggerOnDelete>
      <AsyncAutodelete>0</AsyncAutodelete>
      <SyncWorkflowLogOnFailure>0</SyncWorkflowLogOnFailure>
      <StateCode>1</StateCode>
      <StatusCode>2</StatusCode>
      <RunAs>1</RunAs>
      <IsTransacted>1</IsTransacted>
      <IntroducedVersion>1.0.0.0</IntroducedVersion>
      <IsCustomizable>1</IsCustomizable>
      <BusinessProcessType>0</BusinessProcessType>
      <IsCustomProcessingStepAllowedForOtherPublishers>1</IsCustomProcessingStepAllowedForOtherPublishers>
      <PrimaryEntity>none</PrimaryEntity>
      <LocalizedNames>
        <LocalizedName languagecode="1033" description="When a new email arrives with ADO work item id" />
      </LocalizedNames>
    </Workflow>
  </Workflows>
  <FieldSecurityProfiles></FieldSecurityProfiles>
  <Templates />
  <EntityMaps />
  <EntityRelationships />
  <OrganizationSettings />
  <optionsets />
  <CustomControls />
  <EntityDataProviders />
  <connectionreferences>
    <connectionreference connectionreferencelogicalname="coi_sharedconversionservice_1e382">
      <connectionreferencedisplayname>Content Conversion Hackbox3405-1e382</connectionreferencedisplayname>
      <connectorid>/providers/Microsoft.PowerApps/apis/shared_conversionservice</connectorid>
      <iscustomizable>1</iscustomizable>
      <statecode>0</statecode>
      <statuscode>1</statuscode>
    </connectionreference>
    <connectionreference connectionreferencelogicalname="coi_sharedconversionservice_25428">
      <connectionreferencedisplayname>Content Conversion Hackbox3405-25428</connectionreferencedisplayname>
      <connectorid>/providers/Microsoft.PowerApps/apis/shared_conversionservice</connectorid>
      <iscustomizable>1</iscustomizable>
      <statecode>0</statecode>
      <statuscode>1</statuscode>
    </connectionreference>
    <connectionreference connectionreferencelogicalname="coi_sharedconversionservice_4986b">
      <connectionreferencedisplayname>Content Conversion Hackbox3405-4986b</connectionreferencedisplayname>
      <connectorid>/providers/Microsoft.PowerApps/apis/shared_conversionservice</connectorid>
      <iscustomizable>1</iscustomizable>
      <statecode>0</statecode>
      <statuscode>1</statuscode>
    </connectionreference>
    <connectionreference connectionreferencelogicalname="coi_sharedoffice365_0fa39">
      <connectionreferencedisplayname>Office 365 Outlook Hackbox3405-0fa39</connectionreferencedisplayname>
      <connectorid>/providers/Microsoft.PowerApps/apis/shared_office365</connectorid>
      <iscustomizable>1</iscustomizable>
      <statecode>0</statecode>
      <statuscode>1</statuscode>
    </connectionreference>
    <connectionreference connectionreferencelogicalname="coi_sharedoffice365_10110">
      <connectionreferencedisplayname>Office 365 Outlook Hackbox3405-10110</connectionreferencedisplayname>
      <connectorid>/providers/Microsoft.PowerApps/apis/shared_office365</connectorid>
      <iscustomizable>1</iscustomizable>
      <statecode>0</statecode>
      <statuscode>1</statuscode>
    </connectionreference>
    <connectionreference connectionreferencelogicalname="coi_sharedoffice365_246e9">
      <connectionreferencedisplayname>Office 365 Outlook Hackbox3405-246e9</connectionreferencedisplayname>
      <connectorid>/providers/Microsoft.PowerApps/apis/shared_office365</connectorid>
      <iscustomizable>1</iscustomizable>
      <statecode>0</statecode>
      <statuscode>1</statuscode>
    </connectionreference>
    <connectionreference connectionreferencelogicalname="coi_sharedoffice365_e0839">
      <connectionreferencedisplayname>Office 365 Outlook Hackbox3405-e0839</connectionreferencedisplayname>
      <connectorid>/providers/Microsoft.PowerApps/apis/shared_office365</connectorid>
      <iscustomizable>1</iscustomizable>
      <statecode>0</statecode>
      <statuscode>1</statuscode>
    </connectionreference>
    <connectionreference connectionreferencelogicalname="coi_sharedoffice365_fa4ad">
      <connectionreferencedisplayname>Office 365 Outlook Hackbox3405-fa4ad</connectionreferencedisplayname>
      <connectorid>/providers/Microsoft.PowerApps/apis/shared_office365</connectorid>
      <iscustomizable>1</iscustomizable>
      <statecode>0</statecode>
      <statuscode>1</statuscode>
    </connectionreference>
    <connectionreference connectionreferencelogicalname="coi_sharedvisualstudioteamservices_1a61d">
      <connectionreferencedisplayname>Azure DevOps Hackbox3405-1a61d</connectionreferencedisplayname>
      <connectorid>/providers/Microsoft.PowerApps/apis/shared_visualstudioteamservices</connectorid>
      <iscustomizable>1</iscustomizable>
      <statecode>0</statecode>
      <statuscode>1</statuscode>
    </connectionreference>
    <connectionreference connectionreferencelogicalname="coi_sharedvisualstudioteamservices_a7173">
      <connectionreferencedisplayname>Azure DevOps Hackbox3405-a7173</connectionreferencedisplayname>
      <connectorid>/providers/Microsoft.PowerApps/apis/shared_visualstudioteamservices</connectorid>
      <iscustomizable>1</iscustomizable>
      <statecode>0</statecode>
      <statuscode>1</statuscode>
    </connectionreference>
  </connectionreferences>
  <Languages>
    <Language>1033</Language>
  </Languages>
</ImportExportXml>